"PK_ID";"EMAIL";"FIRSTNAME";"LASTNAME";"LOCATION";"LIKES_TIRAMISU"
"2";"hera.lindberg@kunlun-mountain.com";"Hera";"Lindberg";"Kunlun Mountain";"FALSE"
"4";"venus.danielsson@scholomance.com";"Venus";"Danielsson";"Scholomance";"FALSE"
"5";"minerva.nilsson@brahmapura.com";"Minerva";"Nilsson";"Brahmapura";"FALSE"
"7";"bacchus.bjoerk@diyu.com";"Bacchus";"Bjoerk";"Diyu";"FALSE"
"9";"artemis.olofsson@nysa.com";"Artemis";"Olofsson";"Nysa";"FALSE"
"11";"persephone.axelsson@kitezh.com";"Persephone";"Axelsson";"Kitezh";"FALSE"
"14";"athena.karlsson@westernesse.com";"Athena";"Karlsson";"Westernesse";"FALSE"
"15";"neptune.eriksson@la-ciudad-blanca.com";"Neptune";"Eriksson";"La Ciudad Blanca";"FALSE"
"16";"venus.eklund@garden-of-eden.com";"Venus";"Eklund";"Garden of Eden";"FALSE"
"17";"uranus.holmberg@summerland.com";"aaaUranus";"Holmberg";"Summerland";"FALSE"
"19";"sol.olofsson@avalon.com";"Sol";"Olofsson";"Avalon";"FALSE"
"20";"hypnos.karlsson@alfheim.com";"Hypnos";"Karlsson";"Alfheim";"FALSE"
"24";"uranus.karlsson@kingdom-of-reynes.com";"Uranus";"Karlsson";"Kingdom of Reynes";"FALSE"
"25";"odysseus.blomqvist@niflhel.com";"Odysseus";"Blomqvist";"Niflhel";"FALSE"
"27";"victoria.axelsson@lintukoto.com";"Victoria";"Axelsson";"Lintukoto";"FALSE"
"28";"ulysses.lindstroem@ffaraon.com";"Ulysses";"Lindstroem";"Ffaraon";"FALSE"
"29";"selene.bjoerk@new-jerusalem.com";"Selene";"Bjoerk";"New Jerusalem";"FALSE"
"30";"mercury.lundgren@xanadu.com";"Mercury";"Lundgren";"Xanadu";"FALSE"
"36";"uranus.fredriksson@naraka.com";"Uranus";"Fredriksson";"Naraka";"FALSE"
"38";"ceres.gunnarsson@avalon.com";"Ceres";"Gunnarsson";"Avalon";"FALSE"
"39";"eos.olofsson@aztlan.com";"Eos";"Olofsson";"Aztlan";"FALSE"
"40";"apollo.eliasson@kvenland.com";"Apollo";"Eliasson";"Kvenland";"FALSE"
"47";"aphrodite.olsson@takama-ga-hara.com";"Aphrodite";"Olsson";"Takama-ga-hara";"FALSE"
"48";"dionysus.lindgren@zion.com";"Dionysus";"Lindgren";"Zion";"FALSE"
"51";"jupiter.axelsson@arcadia.com";"Jupiter";"Axelsson";"Arcadia";"FALSE"
"55";"neptune.loefgren@feather-mountain.com";"Neptune";"Loefgren";"Feather Mountain";"FALSE"
"57";"helios.andersson@pandaemonium.com";"Helios";"Andersson";"Pandaemonium";"FALSE"
"58";"hypnos.gunnarsson@sierra-de-la-plata.com";"Hypnos";"Gunnarsson";"Sierra de la Plata";"FALSE"
"59";"vulcan.viklund@summerland.com";"Vulcan";"Viklund";"Summerland";"FALSE"
"61";"juno.jonsson@svarga.com";"Juno";"Jonsson";"Svarga";"FALSE"
"63";"apollo.jonsson@tir-na-nag.com";"Apollo";"Jonsson";"Tir na nag";"FALSE"
"64";"selene.eliasson@asphodel-meadows.com";"Selene";"Eliasson";"Asphodel Meadows";"FALSE"
"65";"apollo.bergman@thuvaraiyam-pathi.com";"Apollo";"Bergman";"Thuvaraiyam Pathi";"FALSE"
"66";"gaia.fredriksson@pandaemonium.com";"Gaia";"Fredriksson";"Pandaemonium";"FALSE"
"68";"uranus.pettersson@pangaia.com";"Uranus";"Pettersson";"Pangaia";"FALSE"
"73";"vulcan.samuelsson@tir-na-nag.com";"Vulcan";"Samuelsson";"Tir na nag";"FALSE"
"74";"proserpine.holm@pandaemonium.com";"Proserpine";"Holm";"Pandaemonium";"FALSE"
"76";"vulcan.sandberg@hawaiki.com";"Vulcan";"Sandberg";"Hawaiki";"FALSE"
"78";"jupiter.magnusson@jabulqa.com";"Jupiter";"Magnusson";"Jabulqa";"FALSE"
"79";"odysseus.viklund@lintukoto.com";"Odysseus";"Viklund";"Lintukoto";"FALSE"
"83";"faunus.isaksson@tir-na-nag.com";"Faunus";"Isaksson";"Tir na nag";"FALSE"
"88";"juno.larsson@sierra-de-la-plata.com";"Juno";"Larsson";"Sierra de la Plata";"FALSE"
"89";"hera.bjoerklund@shangri-la.com";"Hera";"Bjoerklund";"Shangri-La";"FALSE"
"90";"persephone.nordstroem@suddene.com";"Persephone";"Nordstroem";"Suddene";"FALSE"
"93";"uranus.olsson@sierra-de-la-plata.com";"Uranus";"Olsson";"Sierra de la Plata";"FALSE"
"94";"helios.wikstroem@jabulqa.com";"Helios";"Wikstroem";"Jabulqa";"FALSE"
"95";"jupiter.lindstroem@nibiru.com";"Jupiter";"Lindstroem";"Nibiru";"FALSE"
"96";"pluto.karlsson@xibalba.com";"Pluto";"Karlsson";"Xibalba";"FALSE"
"97";"pluto.karlsson@irkalla.com";"Pluto";"Karlsson";"Irkalla";"FALSE"
"98";"vulcan.jonsson@ayotha-amirtha-gangai.com";"Vulcan";"Jonsson";"Ayotha Amirtha Gangai";"FALSE"
"103";"apollo.persson@panchaia.com";"Apollo";"Persson";"Panchaia";"FALSE"
"104";"juno.bjoerk@kvenland.com";"Juno";"Bjoerk";"Kvenland";"FALSE"
"108";"ares.lundgren@vanaheimr.com";"Ares";"Lundgren";"Vanaheimr";"FALSE"
"110";"hera.berglund@mictlan.com";"Hera";"Berglund";"Mictlan";"FALSE"
"111";"bacchus.eliasson@purgatory.com";"Bacchus";"Eliasson";"Purgatory";"FALSE"
"114";"apollo.karlsson@baltia.com";"Apollo";"Karlsson";"Baltia";"FALSE"
"117";"apollo.holmberg@vaikuntha.com";"Apollo";"Holmberg";"Vaikuntha";"FALSE"
"118";"juno.lindberg@tartarus.com";"Juno";"Lindberg";"Tartarus";"FALSE"
"119";"jupiter.magnusson@elysian-fields.com";"Jupiter";"Magnusson";"Elysian Fields";"FALSE"
"120";"persephone.forsberg@ffaraon.com";"Persephone";"Forsberg";"Ffaraon";"FALSE"
"121";"ops.eliasson@el-dorado.com";"Ops";"Eliasson";"El Dorado";"FALSE"
"123";"bacchus.larsson@ketumati.com";"Bacchus";"Larsson";"Ketumati";"FALSE"
"125";"saturn.svensson@ffaraon.com";"Saturn";"Svensson";"Ffaraon";"FALSE"
"130";"heracles.joensson@brittia.com";"Heracles";"Joensson";"Brittia";"FALSE"
"133";"poseidon.hansson@land-of-manu.com";"Poseidon";"Hansson";"Land of Manu";"FALSE"
"136";"selene.lindstroem@svarga.com";"Selene";"Lindstroem";"Svarga";"FALSE"
"138";"ceres.karlsson@mount-penglai.com";"Ceres";"Karlsson";"Mount Penglai";"FALSE"
"139";"gaia.olofsson@kunlun-mountain.com";"Gaia";"Olofsson";"Kunlun Mountain";"FALSE"
"140";"uranus.bengtsson@cockaigne.com";"Uranus";"Bengtsson";"Cockaigne";"FALSE"
"143";"sol.bergman@thule.com";"Sol";"Bergman";"Thule";"FALSE"
"145";"apollo.svensson@purgatory.com";"Apollo";"Svensson";"Purgatory";"FALSE"
"147";"neptune.bengtsson@biarmaland.com";"Neptune";"Bengtsson";"Biarmaland";"FALSE"
"150";"faunus.bergman@new-jerusalem.com";"Faunus";"Bergman";"New Jerusalem";"FALSE"
"152";"faunus.eklund@summerland.com";"Faunus";"Eklund";"Summerland";"FALSE"
"153";"cupid.lundberg@diyu.com";"Cupid";"Lundberg";"Diyu";"FALSE"
"156";"ceres.johansson@olympus.com";"Ceres";"Johansson";"Olympus";"FALSE"
"158";"dionysus.persson@lemuria.com";"Dionysus";"Persson";"Lemuria";"FALSE"
"159";"rhea.wallin@xanadu.com";"Rhea";"Wallin";"Xanadu";"FALSE"
"161";"cupid.bergqvist@lintukoto.com";"Cupid";"Bergqvist";"Lintukoto";"FALSE"
"162";"diana.samuelsson@cíbola.com";"Diana";"Samuelsson";"Cíbola";"FALSE"
"163";"helios.lundstroem@sierra-de-la-plata.com";"Helios";"Lundstroem";"Sierra de la Plata";"FALSE"
"164";"diana.jakobsson@shangdu.com";"Diana";"Jakobsson";"Shangdu";"FALSE"
"165";"hypnos.martensson@annwn.com";"Hypnos";"Martensson";"Annwn";"FALSE"
"169";"bacchus.lundstroem@ffaraon.com";"Bacchus";"Lundstroem";"Ffaraon";"FALSE"
"170";"selene.sandberg@ffaraon.com";"Selene";"Sandberg";"Ffaraon";"FALSE"
"173";"bacchus.bergstroem@summerland.com";"Bacchus";"Bergstroem";"Summerland";"FALSE"
"174";"saturn.bengtsson@xanadu.com";"Saturn";"Bengtsson";"Xanadu";"FALSE"
"176";"minerva.jonsson@city-of-the-caesars.com";"Minerva";"Jonsson";"City of the Caesars";"FALSE"
"177";"sol.jansson@atlantis.com";"Sol";"Jansson";"Atlantis";"FALSE"
"178";"ceres.martensson@garden-of-eden.com";"Ceres";"Martensson";"Garden of Eden";"FALSE"
"180";"pan.lindqvist@zarahemla.com";"Pan";"Lindqvist";"Zarahemla";"FALSE"
"181";"mars.lindgren@kyoepelinvuori.com";"Mars";"Lindgren";"Kyoepelinvuori";"FALSE"
"184";"hermes.samuelsson@sierra-de-la-plata.com";"Hermes";"Samuelsson";"Sierra de la Plata";"FALSE"
"185";"terra.arvidsson@city-of-the-caesars.com";"Terra";"Arvidsson";"City of the Caesars";"FALSE"
"186";"terra.mattsson@paititi.com";"Terra";"Mattsson";"Paititi";"FALSE"
"187";"hera.magnusson@annwn.com";"Hera";"Magnusson";"Annwn";"FALSE"
"189";"minerva.wikstroem@aztlan.com";"Minerva";"Wikstroem";"Aztlan";"FALSE"
"190";"sol.axelsson@valhalla.com";"Sol";"Axelsson";"Valhalla";"FALSE"
"193";"ulysses.eliasson@themiscyra.com";"Ulysses";"Eliasson";"Themiscyra";"FALSE"
"196";"neptune.bjoerk@thule.com";"Neptune";"Bjoerk";"Thule";"FALSE"
"197";"hercules.wikstroem@dinas-affaraon.com";"Hercules";"Wikstroem";"Dinas Affaraon";"FALSE"
"198";"pan.hansson@land-of-manu.com";"Pan";"Hansson";"Land of Manu";"FALSE"
"199";"selene.berg@axis-mundi.com";"Selene";"Berg";"Axis Mundi";"FALSE"
"201";"helios.sandberg@ys.com";"Helios";"Sandberg";"Ys";"FALSE"
"203";"aphrodite.jansson@biarmaland.com";"Aphrodite";"Jansson";"Biarmaland";"FALSE"
"204";"hephaestus.berglund@islands-of-the-blessed.com";"Hephaestus";"Berglund";"Islands of the Blessed";"FALSE"
"205";"rhea.lindgren@cockaigne.com";"Rhea";"Lindgren";"Cockaigne";"FALSE"
"206";"victoria.isaksson@nysa.com";"Victoria";"Isaksson";"Nysa";"FALSE"
"207";"ulysses.nilsson@la-ciudad-blanca.com";"Ulysses";"Nilsson";"La Ciudad Blanca";"FALSE"
"208";"odysseus.lindqvist@westernesse.com";"Odysseus";"Lindqvist";"Westernesse";"FALSE"
"211";"neptune.mattsson@zerzura.com";"Neptune";"Mattsson";"Zerzura";"FALSE"
"213";"mercury.lindqvist@brahmapura.com";"Mercury";"Lindqvist";"Brahmapura";"FALSE"
"214";"rhea.viklund@axis-mundi.com";"Rhea";"Viklund";"Axis Mundi";"FALSE"
"216";"venus.forsberg@biarmaland.com";"Venus";"Forsberg";"Biarmaland";"FALSE"
"219";"jupiter.lundstroem@sierra-de-la-plata.com";"Jupiter";"Lundstroem";"Sierra de la Plata";"FALSE"
"221";"terra.bergman@xanadu.com";"Terra";"Bergman";"Xanadu";"FALSE"
"222";"eros.gunnarsson@cloud-cuckoo-land.com";"Eros";"Gunnarsson";"Cloud cuckoo land";"FALSE"
"224";"persephone.nordstroem@cloud-cuckoo-land.com";"Persephone";"Nordstroem";"Cloud cuckoo land";"FALSE"
"225";"somnus.persson@sierra-de-la-plata.com";"Somnus";"Persson";"Sierra de la Plata";"FALSE"
"227";"terra.holmberg@kvenland.com";"Terra";"Holmberg";"Kvenland";"FALSE"
"229";"minerva.isaksson@baltia.com";"Minerva";"Isaksson";"Baltia";"FALSE"
"230";"somnus.bjoerk@avalon.com";"Somnus";"Bjoerk";"Avalon";"FALSE"
"231";"venus.gustafsson@svarga.com";"Venus";"Gustafsson";"Svarga";"FALSE"
"235";"ceres.pettersson@hawaiki.com";"Ceres";"Pettersson";"Hawaiki";"FALSE"
"236";"faunus.persson@elysian-fields.com";"Faunus";"Persson";"Elysian Fields";"FALSE"
"237";"neptune.persson@olympus.com";"Neptune";"Persson";"Olympus";"FALSE"
"238";"aurora.lind@muspelheim.com";"Aurora";"Lind";"Muspelheim";"FALSE"
"239";"sol.persson@pandaemonium.com";"Sol";"Persson";"Pandaemonium";"FALSE"
"240";"juno.loefgren@pleroma.com";"Juno";"Loefgren";"Pleroma";"FALSE"
"242";"aphrodite.holmberg@city-of-the-caesars.com";"Aphrodite";"Holmberg";"City of the Caesars";"FALSE"
"244";"proserpine.bjoerklund@biarmaland.com";"Proserpine";"Bjoerklund";"Biarmaland";"FALSE"
"245";"jupiter.forsberg@kingdom-of-saguenay.com";"Jupiter";"Forsberg";"Kingdom of Saguenay";"FALSE"
"246";"hephaestus.soederberg@tartarus.com";"Hephaestus";"Soederberg";"Tartarus";"FALSE"
"257";"eros.gustafsson@feather-mountain.com";"Eros";"Gustafsson";"Feather Mountain";"FALSE"
"259";"poseidon.larsson@agartha.com";"Poseidon";"Larsson";"Agartha";"FALSE"
"262";"victoria.johansson@kingdom-of-reynes.com";"Victoria";"Johansson";"Kingdom of Reynes";"FALSE"
"263";"apollo.bjoerklund@lake-parime.com";"Apollo";"Bjoerklund";"Lake Parime";"FALSE"
"264";"proserpine.joensson@cíbola.com";"Proserpine";"Joensson";"Cíbola";"FALSE"
"265";"dionysus.larsson@ffaraon.com";"Dionysus";"Larsson";"Ffaraon";"FALSE"
"270";"victoria.gustafsson@jotunheim.com";"Victoria";"Gustafsson";"Jotunheim";"FALSE"
"273";"cronus.blomqvist@asphodel-meadows.com";"Cronus";"Blomqvist";"Asphodel Meadows";"FALSE"
"274";"hermes.bjoerk@xibalba.com";"Hermes";"Bjoerk";"Xibalba";"FALSE"
"275";"somnus.lind@norumbega.com";"Somnus";"Lind";"Norumbega";"FALSE"
"281";"nike.lundgren@annwn.com";"Nike";"Lundgren";"Annwn";"FALSE"
"282";"juno.bengtsson@cloud-cuckoo-land.com";"Juno";"Bengtsson";"Cloud cuckoo land";"FALSE"
"283";"minerva.lindstroem@lake-parime.com";"Minerva";"Lindstroem";"Lake Parime";"FALSE"
"284";"ops.lundgren@mictlan.com";"Ops";"Lundgren";"Mictlan";"FALSE"
"286";"gaia.gustafsson@ram-setu.com";"Gaia";"Gustafsson";"Ram Setu";"FALSE"
"288";"selene.persson@lyonesse.com";"Selene";"Persson";"Lyonesse";"FALSE"
"290";"eos.arvidsson@mount-penglai.com";"Eos";"Arvidsson";"Mount Penglai";"FALSE"
"292";"terra.lundgren@olympus.com";"Terra";"Lundgren";"Olympus";"FALSE"
"293";"hephaestus.holm@suddene.com";"Hephaestus";"Holm";"Suddene";"FALSE"
"294";"uranus.fransson@ayotha-amirtha-gangai.com";"Uranus";"Fransson";"Ayotha Amirtha Gangai";"FALSE"
"295";"odysseus.larsson@land-of-manu.com";"Odysseus";"Larsson";"Land of Manu";"FALSE"
"296";"proserpine.samuelsson@lake-parime.com";"Proserpine";"Samuelsson";"Lake Parime";"FALSE"
"297";"sol.persson@niflheim.com";"Sol";"Persson";"Niflheim";"FALSE"
"298";"zeus.lundin@svartalfaheimr.com";"Zeus";"Lundin";"Svartalfaheimr";"FALSE"
"301";"mars.johansson@camelot.com";"Mars";"Johansson";"Camelot";"FALSE"
"305";"hephaestus.nordstroem@biringan-city.com";"Hephaestus";"Nordstroem";"Biringan City";"FALSE"
"306";"hypnos.axelsson@amaravati.com";"Hypnos";"Axelsson";"Amaravati";"FALSE"
"307";"ulysses.eliasson@nirvana.com";"Ulysses";"Eliasson";"Nirvana";"FALSE"
"308";"hera.viklund@pangaia.com";"Hera";"Viklund";"Pangaia";"FALSE"
"309";"gaia.berglund@tir-na-nag.com";"Gaia";"Berglund";"Tir na nag";"FALSE"
"313";"ares.sjoeberg@jotunheim.com";"Ares";"Sjoeberg";"Jotunheim";"FALSE"
"314";"mars.holm@diyu.com";"Mars";"Holm";"Diyu";"FALSE"
"315";"diana.hakansson@xibalba.com";"Diana";"Hakansson";"Xibalba";"FALSE"
"318";"sol.bergstroem@alomkik.com";"Sol";"Bergstroem";"Alomkik";"FALSE"
"323";"helios.bergstroem@hawaiki.com";"Helios";"Bergstroem";"Hawaiki";"FALSE"
"324";"athena.lundgren@niflheim.com";"Athena";"Lundgren";"Niflheim";"FALSE"
"327";"eos.larsson@annwn.com";"Eos";"Larsson";"Annwn";"FALSE"
"331";"pan.hansson@asgard.com";"Pan";"Hansson";"Asgard";"FALSE"
"332";"somnus.gustafsson@camelot.com";"Somnus";"Gustafsson";"Camelot";"FALSE"
"334";"hermes.berglund@muspelheim.com";"Hermes";"Berglund";"Muspelheim";"FALSE"
"335";"zeus.jonsson@svartalfaheimr.com";"Zeus";"Jonsson";"Svartalfaheimr";"FALSE"
"337";"apollo.lundgren@feather-mountain.com";"Apollo";"Lundgren";"Feather Mountain";"FALSE"
"338";"proserpine.fredriksson@lintukoto.com";"Proserpine";"Fredriksson";"Lintukoto";"FALSE"
"339";"hypnos.viklund@naraka.com";"Hypnos";"Viklund";"Naraka";"FALSE"
"340";"diana.persson@vaikuntha.com";"Diana";"Persson";"Vaikuntha";"FALSE"
"341";"proserpine.lindberg@niflhel.com";"Proserpine";"Lindberg";"Niflhel";"FALSE"
"343";"ops.joensson@new-jerusalem.com";"Ops";"Joensson";"New Jerusalem";"FALSE"
"346";"proserpine.lundgren@shangdu.com";"Proserpine";"Lundgren";"Shangdu";"FALSE"
"349";"cupid.claesson@kingdom-of-saguenay.com";"Cupid";"Claesson";"Kingdom of Saguenay";"FALSE"
"353";"dionysus.berglund@irkalla.com";"Dionysus";"Berglund";"Irkalla";"FALSE"
"354";"rhea.holm@zarahemla.com";"Rhea";"Holm";"Zarahemla";"FALSE"
"357";"luna.olofsson@xibalba.com";"Luna";"Olofsson";"Xibalba";"FALSE"
"359";"ops.lundstroem@elysian-fields.com";"Ops";"Lundstroem";"Elysian Fields";"FALSE"
"366";"mars.henriksson@new-jerusalem.com";"Mars";"Henriksson";"New Jerusalem";"FALSE"
"368";"aurora.olsson@svarga.com";"Aurora";"Olsson";"Svarga";"FALSE"
"369";"jupiter.loefgren@brittia.com";"Jupiter";"Loefgren";"Brittia";"FALSE"
"373";"cupid.svensson@kitezh.com";"Cupid";"Svensson";"Kitezh";"FALSE"
"375";"victoria.wikstroem@thuvaraiyam-pathi.com";"Victoria";"Wikstroem";"Thuvaraiyam Pathi";"FALSE"
"376";"diana.magnusson@ffaraon.com";"Diana";"Magnusson";"Ffaraon";"FALSE"
"378";"uranus.lind@shangri-la.com";"Uranus";"Lind";"Shangri-La";"FALSE"
"379";"hermes.lundstroem@thuvaraiyam-pathi.com";"Hermes";"Lundstroem";"Thuvaraiyam Pathi";"FALSE"
"380";"mercury.holmberg@cockaigne.com";"Mercury";"Holmberg";"Cockaigne";"FALSE"
"381";"zeus.henriksson@valhalla.com";"Zeus";"Henriksson";"Valhalla";"FALSE"
"382";"athena.bengtsson@brahmapura.com";"Athena";"Bengtsson";"Brahmapura";"FALSE"
"384";"ares.holmberg@aztlan.com";"Ares";"Holmberg";"Aztlan";"FALSE"
"385";"ops.joensson@feather-mountain.com";"Ops";"Joensson";"Feather Mountain";"FALSE"
"386";"uranus.martensson@agartha.com";"Uranus";"Martensson";"Agartha";"FALSE"
"387";"proserpine.bergqvist@pohjola.com";"Proserpine";"Bergqvist";"Pohjola";"FALSE"
"388";"uranus.olsson@shambhala.com";"Uranus";"Olsson";"Shambhala";"FALSE"
"389";"hades.svensson@themiscyra.com";"Hades";"Svensson";"Themiscyra";"FALSE"
"390";"rhea.olsson@westernesse.com";"Rhea";"Olsson";"Westernesse";"FALSE"
"392";"faunus.lind@yomi.com";"Faunus";"Lind";"Yomi";"FALSE"
"396";"aphrodite.lindberg@nirvana.com";"Aphrodite";"Lindberg";"Nirvana";"FALSE"
"399";"eos.engstroem@lyonesse.com";"Eos";"Engstroem";"Lyonesse";"FALSE"
"400";"hephaestus.blomqvist@pangaia.com";"Hephaestus";"Blomqvist";"Pangaia";"FALSE"
"402";"bacchus.sandberg@city-of-the-caesars.com";"Bacchus";"Sandberg";"City of the Caesars";"FALSE"
"404";"zeus.eklund@mu.com";"Zeus";"Eklund";"Mu";"FALSE"
"409";"jupiter.olsson@avalon.com";"Jupiter";"Olsson";"Avalon";"FALSE"
"410";"pan.bergqvist@new-jerusalem.com";"Pan";"Bergqvist";"New Jerusalem";"FALSE"
"411";"heracles.blomqvist@biarmaland.com";"Heracles";"Blomqvist";"Biarmaland";"FALSE"
"412";"mercury.hansson@land-of-manu.com";"Mercury";"Hansson";"Land of Manu";"FALSE"
"415";"mercury.lundberg@kitezh.com";"Mercury";"Lundberg";"Kitezh";"FALSE"
"416";"hephaestus.berglund@laestrygon.com";"Hephaestus";"Berglund";"Laestrygon";"FALSE"
"419";"faunus.danielsson@jambudv?pa.com";"Faunus";"Danielsson";"Jambudv?pa";"FALSE"
"422";"mars.persson@lake-parime.com";"Mars";"Persson";"Lake Parime";"FALSE"
"425";"eros.berg@pohjola.com";"Eros";"Berg";"Pohjola";"FALSE"
"427";"minerva.forsberg@takama-ga-hara.com";"Minerva";"Forsberg";"Takama-ga-hara";"FALSE"
"429";"gaia.persson@kolob.com";"Gaia";"Persson";"Kolob";"FALSE"
"430";"ares.wallin@feather-mountain.com";"Ares";"Wallin";"Feather Mountain";"FALSE"
"432";"terra.lundin@heaven.com";"Terra";"Lundin";"Heaven";"FALSE"
"433";"artemis.johansson@axis-mundi.com";"Artemis";"Johansson";"Axis Mundi";"FALSE"
"435";"eos.nordstroem@ram-setu.com";"Eos";"Nordstroem";"Ram Setu";"FALSE"
"436";"mars.sjoeberg@suddene.com";"Mars";"Sjoeberg";"Suddene";"FALSE"
"438";"eos.bergman@yomi.com";"Eos";"Bergman";"Yomi";"FALSE"
"439";"rhea.nordstroem@hyperborea.com";"Rhea";"Nordstroem";"Hyperborea";"FALSE"
"441";"ceres.holm@zion.com";"Ceres";"Holm";"Zion";"FALSE"
"446";"uranus.engstroem@camelot.com";"Uranus";"Engstroem";"Camelot";"FALSE"
"447";"luna.jakobsson@vaikuntha.com";"Luna";"Jakobsson";"Vaikuntha";"FALSE"
"450";"victoria.sjoeberg@cockaigne.com";"Victoria";"Sjoeberg";"Cockaigne";"FALSE"
"452";"eros.karlsson@cockaigne.com";"Eros";"Karlsson";"Cockaigne";"FALSE"
"455";"uranus.isaksson@kvenland.com";"Uranus";"Isaksson";"Kvenland";"FALSE"
"456";"terra.loefgren@naraka.com";"Terra";"Loefgren";"Naraka";"FALSE"
"457";"hera.lind@agartha.com";"Hera";"Lind";"Agartha";"FALSE"
"464";"victoria.wikstroem@niflhel.com";"Victoria";"Wikstroem";"Niflhel";"FALSE"
"465";"luna.lindgren@suddene.com";"Luna";"Lindgren";"Suddene";"FALSE"
"466";"hypnos.lundqvist@camelot.com";"Hypnos";"Lundqvist";"Camelot";"FALSE"
"468";"apollo.lindqvist@asgard.com";"Apollo";"Lindqvist";"Asgard";"FALSE"
"469";"zeus.johansson@arcadia.com";"Zeus";"Johansson";"Arcadia";"FALSE"
"474";"athena.jakobsson@garden-of-the-hesperides.com";"Athena";"Jakobsson";"Garden of the Hesperides";"FALSE"
"476";"apollo.berg@zerzura.com";"Apollo";"Berg";"Zerzura";"FALSE"
"477";"zeus.nystroem@vanaheimr.com";"Zeus";"Nystroem";"Vanaheimr";"FALSE"
"478";"nike.olsson@el-dorado.com";"Nike";"Olsson";"El Dorado";"FALSE"
"481";"ares.claesson@tartarus.com";"Ares";"Claesson";"Tartarus";"FALSE"
"483";"gaia.isaksson@pohjola.com";"Gaia";"Isaksson";"Pohjola";"FALSE"
"485";"diana.eliasson@axis-mundi.com";"Diana";"Eliasson";"Axis Mundi";"FALSE"
"488";"hermes.lundqvist@kyoepelinvuori.com";"Hermes";"Lundqvist";"Kyoepelinvuori";"FALSE"
"489";"neptune.hakansson@pohjola.com";"Neptune";"Hakansson";"Pohjola";"FALSE"
"490";"hermes.andersson@shambhala.com";"Hermes";"Andersson";"Shambhala";"FALSE"
"491";"ares.isaksson@thule.com";"Ares";"Isaksson";"Thule";"FALSE"
"492";"poseidon.holmberg@muspelheim.com";"Poseidon";"Holmberg";"Muspelheim";"FALSE"
"493";"hephaestus.martensson@pleroma.com";"Hephaestus";"Martensson";"Pleroma";"FALSE"
"495";"persephone.bjoerk@valhalla.com";"Persephone";"Bjoerk";"Valhalla";"FALSE"
"496";"vulcan.bergstroem@summerland.com";"Vulcan";"Bergstroem";"Summerland";"FALSE"
"498";"hera.jansson@asphodel-meadows.com";"Hera";"Jansson";"Asphodel Meadows";"FALSE"
"500";"poseidon.gustafsson@paititi.com";"Poseidon";"Gustafsson";"Paititi";"FALSE"
"502";"neptune.engstroem@biringan-city.com";"Neptune";"Engstroem";"Biringan City";"FALSE"
"503";"hermes.nyberg@alomkik.com";"Hermes";"Nyberg";"Alomkik";"FALSE"
"504";"minerva.magnusson@quivira.com";"Minerva";"Magnusson";"Quivira";"FALSE"
"506";"apollo.nordstroem@el-dorado.com";"Apollo";"Nordstroem";"El Dorado";"FALSE"
"507";"apollo.berg@alomkik.com";"Apollo";"Berg";"Alomkik";"FALSE"
"511";"zeus.wikstroem@shangri-la.com";"Zeus";"Wikstroem";"Shangri-La";"FALSE"
"513";"mars.andersson@diyu.com";"Mars";"Andersson";"Diyu";"FALSE"
"514";"helios.andersson@land-of-manu.com";"Helios";"Andersson";"Land of Manu";"FALSE"
"515";"cupid.lindqvist@kitezh.com";"Cupid";"Lindqvist";"Kitezh";"FALSE"
"516";"odysseus.gustafsson@jambudv?pa.com";"Odysseus";"Gustafsson";"Jambudv?pa";"FALSE"
"517";"zeus.mattsson@yomi.com";"Zeus";"Mattsson";"Yomi";"FALSE"
"518";"heracles.lundin@themiscyra.com";"Heracles";"Lundin";"Themiscyra";"FALSE"
"521";"hermes.fredriksson@aztlan.com";"Hermes";"Fredriksson";"Aztlan";"FALSE"
"525";"somnus.hakansson@cloud-cuckoo-land.com";"Somnus";"Hakansson";"Cloud cuckoo land";"FALSE"
"527";"apollo.larsson@mu.com";"Apollo";"Larsson";"Mu";"FALSE"
"528";"apollo.olofsson@jotunheim.com";"Apollo";"Olofsson";"Jotunheim";"FALSE"
"529";"luna.pettersson@city-of-the-caesars.com";"Luna";"Pettersson";"City of the Caesars";"FALSE"
"532";"sol.isaksson@tir-na-nag.com";"Sol";"Isaksson";"Tir na nag";"FALSE"
"537";"pluto.pettersson@suddene.com";"Pluto";"Pettersson";"Suddene";"FALSE"
"538";"heracles.fransson@niflheim.com";"Heracles";"Fransson";"Niflheim";"FALSE"
"539";"rhea.loefgren@yomi.com";"Rhea";"Loefgren";"Yomi";"FALSE"
"540";"proserpine.blomqvist@kvenland.com";"Proserpine";"Blomqvist";"Kvenland";"FALSE"
"541";"minerva.fredriksson@ayotha-amirtha-gangai.com";"Minerva";"Fredriksson";"Ayotha Amirtha Gangai";"FALSE"
"542";"selene.magnusson@asphodel-meadows.com";"Selene";"Magnusson";"Asphodel Meadows";"FALSE"
"544";"mercury.nyberg@ayotha-amirtha-gangai.com";"Mercury";"Nyberg";"Ayotha Amirtha Gangai";"FALSE"
"545";"juno.olofsson@asgard.com";"Juno";"Olofsson";"Asgard";"FALSE"
"546";"pluto.blomqvist@camelot.com";"Pluto";"Blomqvist";"Camelot";"FALSE"
"549";"mars.soederberg@mictlan.com";"Mars";"Soederberg";"Mictlan";"FALSE"
"550";"hermes.soederberg@hell.com";"Hermes";"Soederberg";"Hell";"FALSE"
"551";"jupiter.fransson@city-of-the-caesars.com";"Jupiter";"Fransson";"City of the Caesars";"FALSE"
"553";"proserpine.axelsson@xibalba.com";"Proserpine";"Axelsson";"Xibalba";"FALSE"
"560";"aurora.samuelsson@kyoepelinvuori.com";"Aurora";"Samuelsson";"Kyoepelinvuori";"FALSE"
"561";"bacchus.fransson@mictlan.com";"Bacchus";"Fransson";"Mictlan";"FALSE"
"562";"helios.wikstroem@xanadu.com";"Helios";"Wikstroem";"Xanadu";"FALSE"
"563";"hercules.sandberg@hell.com";"Hercules";"Sandberg";"Hell";"FALSE"
"564";"artemis.bjoerklund@kingdom-of-reynes.com";"Artemis";"Bjoerklund";"Kingdom of Reynes";"FALSE"
"567";"somnus.olsson@biarmaland.com";"Somnus";"Olsson";"Biarmaland";"FALSE"
"571";"jupiter.jakobsson@hyperborea.com";"Jupiter";"Jakobsson";"Hyperborea";"FALSE"
"572";"odysseus.fransson@dinas-affaraon.com";"Odysseus";"Fransson";"Dinas Affaraon";"FALSE"
"573";"eos.engstroem@kyoepelinvuori.com";"Eos";"Engstroem";"Kyoepelinvuori";"FALSE"
"574";"mercury.bengtsson@tir-na-nag.com";"Mercury";"Bengtsson";"Tir na nag";"FALSE"
"576";"minerva.gunnarsson@jotunheim.com";"Minerva";"Gunnarsson";"Jotunheim";"FALSE"
"577";"aphrodite.svensson@ketumati.com";"Aphrodite";"Svensson";"Ketumati";"FALSE"
"578";"heracles.bjoerk@cloud-cuckoo-land.com";"Heracles";"Bjoerk";"Cloud cuckoo land";"FALSE"
"580";"helios.loefgren@kunlun-mountain.com";"Helios";"Loefgren";"Kunlun Mountain";"FALSE"
"581";"persephone.olsson@kunlun-mountain.com";"Persephone";"Olsson";"Kunlun Mountain";"FALSE"
"583";"cupid.lindgren@alfheim.com";"Cupid";"Lindgren";"Alfheim";"FALSE"
"587";"selene.lindstroem@avalon.com";"Selene";"Lindstroem";"Avalon";"FALSE"
"591";"sol.eriksson@zion.com";"Sol";"Eriksson";"Zion";"FALSE"
"592";"victoria.soederberg@ayotha-amirtha-gangai.com";"Victoria";"Soederberg";"Ayotha Amirtha Gangai";"FALSE"
"593";"bacchus.hansson@aztlan.com";"Bacchus";"Hansson";"Aztlan";"FALSE"
"595";"saturn.gustafsson@ram-setu.com";"Saturn";"Gustafsson";"Ram Setu";"FALSE"
"597";"dionysus.viklund@la-ciudad-blanca.com";"Dionysus";"Viklund";"La Ciudad Blanca";"FALSE"
"598";"mercury.isaksson@niflhel.com";"Mercury";"Isaksson";"Niflhel";"FALSE"
"599";"ceres.gunnarsson@cíbola.com";"Ceres";"Gunnarsson";"Cíbola";"FALSE"
"600";"zeus.nystroem@yomi.com";"Zeus";"Nystroem";"Yomi";"FALSE"
"603";"diana.loefgren@svarga.com";"Diana";"Loefgren";"Svarga";"FALSE"
"604";"apollo.isaksson@brittia.com";"Apollo";"Isaksson";"Brittia";"FALSE"
"605";"apollo.isaksson@atlantis.com";"Apollo";"Isaksson";"Atlantis";"FALSE"
"606";"mars.lundqvist@el-dorado.com";"Mars";"Lundqvist";"El Dorado";"FALSE"
"611";"mars.isaksson@vanaheimr.com";"Mars";"Isaksson";"Vanaheimr";"FALSE"
"613";"ceres.nystroem@kingdom-of-saguenay.com";"Ceres";"Nystroem";"Kingdom of Saguenay";"FALSE"
"617";"uranus.bergstroem@asphodel-meadows.com";"Uranus";"Bergstroem";"Asphodel Meadows";"FALSE"
"618";"victoria.lundstroem@ram-setu.com";"Victoria";"Lundstroem";"Ram Setu";"FALSE"
"619";"rhea.joensson@takama-ga-hara.com";"Rhea";"Joensson";"Takama-ga-hara";"FALSE"
"623";"saturn.bergstroem@tartarus.com";"Saturn";"Bergstroem";"Tartarus";"FALSE"
"624";"cronus.lindberg@shangdu.com";"Cronus";"Lindberg";"Shangdu";"FALSE"
"627";"terra.fredriksson@ram-setu.com";"Terra";"Fredriksson";"Ram Setu";"FALSE"
"628";"juno.wikstroem@samavasarana.com";"Juno";"Wikstroem";"Samavasarana";"FALSE"
"630";"uranus.henriksson@naraka.com";"Uranus";"Henriksson";"Naraka";"FALSE"
"634";"uranus.lindberg@lyonesse.com";"Uranus";"Lindberg";"Lyonesse";"FALSE"
"635";"gaia.fransson@jotunheim.com";"Gaia";"Fransson";"Jotunheim";"FALSE"
"636";"selene.holmberg@mag-mell.com";"Selene";"Holmberg";"Mag Mell";"FALSE"
"639";"hermes.lindgren@thuvaraiyam-pathi.com";"Hermes";"Lindgren";"Thuvaraiyam Pathi";"FALSE"
"642";"gaia.holm@agartha.com";"Gaia";"Holm";"Agartha";"FALSE"
"644";"hera.joensson@atlantis.com";"Hera";"Joensson";"Atlantis";"FALSE"
"646";"aurora.lindberg@kunlun-mountain.com";"Aurora";"Lindberg";"Kunlun Mountain";"FALSE"
"648";"zeus.johansson@mu.com";"Zeus";"Johansson";"Mu";"FALSE"
"650";"uranus.olofsson@biringan-city.com";"Uranus";"Olofsson";"Biringan City";"FALSE"
"651";"artemis.claesson@shangri-la.com";"Artemis";"Claesson";"Shangri-La";"FALSE"
"653";"odysseus.engstroem@lintukoto.com";"Odysseus";"Engstroem";"Lintukoto";"FALSE"
"654";"pan.viklund@vaikuntha.com";"Pan";"Viklund";"Vaikuntha";"FALSE"
"658";"poseidon.olofsson@atlantis.com";"Poseidon";"Olofsson";"Atlantis";"FALSE"
"659";"juno.andersson@dinas-affaraon.com";"Juno";"Andersson";"Dinas Affaraon";"FALSE"
"660";"eros.fredriksson@thule.com";"Eros";"Fredriksson";"Thule";"FALSE"
"661";"terra.andersson@garden-of-the-hesperides.com";"Terra";"Andersson";"Garden of the Hesperides";"FALSE"
"663";"selene.viklund@heaven.com";"Selene";"Viklund";"Heaven";"FALSE"
"665";"uranus.nordstroem@ram-setu.com";"Uranus";"Nordstroem";"Ram Setu";"FALSE"
"666";"terra.bergqvist@ketumati.com";"Terra";"Bergqvist";"Ketumati";"FALSE"
"668";"aurora.samuelsson@svartalfaheimr.com";"Aurora";"Samuelsson";"Svartalfaheimr";"FALSE"
"672";"eros.wallin@la-ciudad-blanca.com";"Eros";"Wallin";"La Ciudad Blanca";"FALSE"
"674";"hermes.johansson@lintukoto.com";"Hermes";"Johansson";"Lintukoto";"FALSE"
"675";"nike.nystroem@svarga.com";"Nike";"Nystroem";"Svarga";"FALSE"
"678";"proserpine.forsberg@valhalla.com";"Proserpine";"Forsberg";"Valhalla";"FALSE"
"679";"artemis.axelsson@hyperborea.com";"Artemis";"Axelsson";"Hyperborea";"FALSE"
"680";"venus.blomqvist@mag-mell.com";"Venus";"Blomqvist";"Mag Mell";"FALSE"
"686";"faunus.lundgren@feather-mountain.com";"Faunus";"Lundgren";"Feather Mountain";"FALSE"
"689";"helios.nordstroem@naraka.com";"Helios";"Nordstroem";"Naraka";"FALSE"
"690";"hermes.axelsson@laestrygon.com";"Hermes";"Axelsson";"Laestrygon";"FALSE"
"692";"rhea.nordstroem@thuvaraiyam-pathi.com";"Rhea";"Nordstroem";"Thuvaraiyam Pathi";"FALSE"
"693";"vulcan.blomqvist@hyperborea.com";"Vulcan";"Blomqvist";"Hyperborea";"FALSE"
"694";"gaia.magnusson@garden-of-eden.com";"Gaia";"Magnusson";"Garden of Eden";"FALSE"
"699";"artemis.olsson@kingdom-of-saguenay.com";"Artemis";"Olsson";"Kingdom of Saguenay";"FALSE"
"703";"jupiter.nordstroem@olympus.com";"Jupiter";"Nordstroem";"Olympus";"FALSE"
"704";"hermes.lindgren@biringan-city.com";"Hermes";"Lindgren";"Biringan City";"FALSE"
"707";"nike.lundqvist@city-of-the-caesars.com";"Nike";"Lundqvist";"City of the Caesars";"FALSE"
"709";"eros.lind@scholomance.com";"Eros";"Lind";"Scholomance";"FALSE"
"710";"aurora.forsberg@hyperborea.com";"Aurora";"Forsberg";"Hyperborea";"FALSE"
"711";"pan.loefgren@atlantis.com";"Pan";"Loefgren";"Atlantis";"FALSE"
"714";"selene.bjoerk@land-of-manu.com";"Selene";"Bjoerk";"Land of Manu";"FALSE"
"716";"minerva.bergqvist@pangaia.com";"Minerva";"Bergqvist";"Pangaia";"FALSE"
"720";"persephone.forsberg@city-of-the-caesars.com";"Persephone";"Forsberg";"City of the Caesars";"FALSE"
"722";"proserpine.eriksson@alfheim.com";"Proserpine";"Eriksson";"Alfheim";"FALSE"
"723";"poseidon.lundberg@garden-of-eden.com";"Poseidon";"Lundberg";"Garden of Eden";"FALSE"
"724";"hephaestus.henriksson@feather-mountain.com";"Hephaestus";"Henriksson";"Feather Mountain";"FALSE"
"725";"cupid.eriksson@islands-of-the-blessed.com";"Cupid";"Eriksson";"Islands of the Blessed";"FALSE"
"728";"athena.gustafsson@ffaraon.com";"Athena";"Gustafsson";"Ffaraon";"FALSE"
"729";"victoria.bergman@olympus.com";"Victoria";"Bergman";"Olympus";"FALSE"
"730";"jupiter.sjoeberg@tir-na-nag.com";"Jupiter";"Sjoeberg";"Tir na nag";"FALSE"
"732";"hephaestus.berg@la-ciudad-blanca.com";"Hephaestus";"Berg";"La Ciudad Blanca";"FALSE"
"735";"diana.isaksson@kitezh.com";"Diana";"Isaksson";"Kitezh";"FALSE"
"737";"ares.engstroem@garden-of-the-hesperides.com";"Ares";"Engstroem";"Garden of the Hesperides";"FALSE"
"738";"helios.bjoerk@nibiru.com";"Helios";"Bjoerk";"Nibiru";"FALSE"
"739";"minerva.eliasson@finias.com";"Minerva";"Eliasson";"Finias";"FALSE"
"740";"zeus.berglund@shangdu.com";"Zeus";"Berglund";"Shangdu";"FALSE"
"741";"ares.lindberg@norumbega.com";"Ares";"Lindberg";"Norumbega";"FALSE"
"743";"aphrodite.berg@jabulqa.com";"Aphrodite";"Berg";"Jabulqa";"FALSE"
"744";"saturn.soederberg@westernesse.com";"Saturn";"Soederberg";"Westernesse";"FALSE"
"745";"pan.nystroem@panchaia.com";"Pan";"Nystroem";"Panchaia";"FALSE"
"746";"selene.berg@lemuria.com";"Selene";"Berg";"Lemuria";"FALSE"
"749";"cronus.larsson@zerzura.com";"Cronus";"Larsson";"Zerzura";"FALSE"
"753";"odysseus.blomqvist@vanaheimr.com";"Odysseus";"Blomqvist";"Vanaheimr";"FALSE"
"756";"selene.blomqvist@kolob.com";"Selene";"Blomqvist";"Kolob";"FALSE"
"757";"vulcan.magnusson@camelot.com";"Vulcan";"Magnusson";"Camelot";"FALSE"
"759";"victoria.wikstroem@lemuria.com";"Victoria";"Wikstroem";"Lemuria";"FALSE"
"761";"athena.lindgren@hyperborea.com";"Athena";"Lindgren";"Hyperborea";"FALSE"
"763";"hera.berglund@norumbega.com";"Hera";"Berglund";"Norumbega";"FALSE"
"766";"poseidon.berg@mu.com";"Poseidon";"Berg";"Mu";"FALSE"
"767";"heracles.johansson@lemuria.com";"Heracles";"Johansson";"Lemuria";"FALSE"
"768";"victoria.jansson@axis-mundi.com";"Victoria";"Jansson";"Axis Mundi";"FALSE"
"769";"jupiter.bergqvist@lyonesse.com";"Jupiter";"Bergqvist";"Lyonesse";"FALSE"
"771";"hercules.gunnarsson@islands-of-the-blessed.com";"Hercules";"Gunnarsson";"Islands of the Blessed";"FALSE"
"772";"victoria.mattsson@garden-of-the-hesperides.com";"Victoria";"Mattsson";"Garden of the Hesperides";"FALSE"
"773";"saturn.wikstroem@vanaheimr.com";"Saturn";"Wikstroem";"Vanaheimr";"FALSE"
"775";"aphrodite.lindqvist@zerzura.com";"Aphrodite";"Lindqvist";"Zerzura";"FALSE"
"776";"jupiter.isaksson@city-of-the-caesars.com";"Jupiter";"Isaksson";"City of the Caesars";"FALSE"
"780";"ceres.lundberg@heaven.com";"Ceres";"Lundberg";"Heaven";"FALSE"
"782";"dionysus.axelsson@lyonesse.com";"Dionysus";"Axelsson";"Lyonesse";"FALSE"
"784";"persephone.lindstroem@naraka.com";"Persephone";"Lindstroem";"Naraka";"FALSE"
"785";"nike.berglund@thule.com";"Nike";"Berglund";"Thule";"FALSE"
"788";"faunus.nystroem@hell.com";"Faunus";"Nystroem";"Hell";"FALSE"
"789";"apollo.bergman@city-of-the-caesars.com";"Apollo";"Bergman";"City of the Caesars";"FALSE"
"790";"dionysus.sjoeberg@camelot.com";"Dionysus";"Sjoeberg";"Camelot";"FALSE"
"791";"ops.nystroem@biringan-city.com";"Ops";"Nystroem";"Biringan City";"FALSE"
"792";"aphrodite.eklund@paititi.com";"Aphrodite";"Eklund";"Paititi";"FALSE"
"793";"apollo.pettersson@kvenland.com";"Apollo";"Pettersson";"Kvenland";"FALSE"
"794";"neptune.nystroem@aztlan.com";"Neptune";"Nystroem";"Aztlan";"FALSE"
"795";"diana.eriksson@avalon.com";"Diana";"Eriksson";"Avalon";"FALSE"
"796";"sol.loefgren@shambhala.com";"Sol";"Loefgren";"Shambhala";"FALSE"
"803";"aurora.fredriksson@cloud-cuckoo-land.com";"Aurora";"Fredriksson";"Cloud cuckoo land";"FALSE"
"804";"sol.fredriksson@nirvana.com";"Sol";"Fredriksson";"Nirvana";"FALSE"
"806";"persephone.bjoerklund@nysa.com";"Persephone";"Bjoerklund";"Nysa";"FALSE"
"816";"hades.joensson@new-jerusalem.com";"Hades";"Joensson";"New Jerusalem";"FALSE"
"817";"cupid.wikstroem@hawaiki.com";"Cupid";"Wikstroem";"Hawaiki";"FALSE"
"821";"ares.bjoerk@annwn.com";"Ares";"Bjoerk";"Annwn";"FALSE"
"824";"uranus.karlsson@olympus.com";"Uranus";"Karlsson";"Olympus";"FALSE"
"825";"uranus.holmberg@purgatory.com";"Uranus";"Holmberg";"Purgatory";"FALSE"
"826";"venus.soederberg@pohjola.com";"Venus";"Soederberg";"Pohjola";"FALSE"
"827";"saturn.karlsson@svartalfaheimr.com";"Saturn";"Karlsson";"Svartalfaheimr";"FALSE"
"830";"venus.sandberg@themiscyra.com";"Venus";"Sandberg";"Themiscyra";"FALSE"
"831";"venus.claesson@hawaiki.com";"Venus";"Claesson";"Hawaiki";"FALSE"
"833";"eos.forsberg@hyperborea.com";"Eos";"Forsberg";"Hyperborea";"FALSE"
"834";"ops.lind@ys.com";"Ops";"Lind";"Ys";"FALSE"
"835";"athena.johansson@cloud-cuckoo-land.com";"Athena";"Johansson";"Cloud cuckoo land";"FALSE"
"836";"aurora.fredriksson@irkalla.com";"Aurora";"Fredriksson";"Irkalla";"FALSE"
"841";"hera.magnusson@la-ciudad-blanca.com";"Hera";"Magnusson";"La Ciudad Blanca";"FALSE"
"843";"artemis.lindqvist@biringan-city.com";"Artemis";"Lindqvist";"Biringan City";"FALSE"
"844";"pan.samuelsson@cloud-cuckoo-land.com";"Pan";"Samuelsson";"Cloud cuckoo land";"FALSE"
"846";"cronus.lundgren@kingdom-of-reynes.com";"Cronus";"Lundgren";"Kingdom of Reynes";"FALSE"
"851";"hephaestus.wallin@suddene.com";"Hephaestus";"Wallin";"Suddene";"FALSE"
"852";"artemis.engstroem@kunlun-mountain.com";"Artemis";"Engstroem";"Kunlun Mountain";"FALSE"
"855";"terra.andersson@cíbola.com";"Terra";"Andersson";"Cíbola";"FALSE"
"856";"pluto.berglund@axis-mundi.com";"Pluto";"Berglund";"Axis Mundi";"FALSE"
"857";"uranus.soederberg@norumbega.com";"Uranus";"Soederberg";"Norumbega";"FALSE"
"858";"odysseus.claesson@garden-of-eden.com";"Odysseus";"Claesson";"Garden of Eden";"FALSE"
"860";"helios.hansson@thule.com";"Helios";"Hansson";"Thule";"FALSE"
"865";"hades.persson@pohjola.com";"Hades";"Persson";"Pohjola";"FALSE"
"866";"poseidon.lundin@kolob.com";"Poseidon";"Lundin";"Kolob";"FALSE"
"867";"jupiter.joensson@naraka.com";"Jupiter";"Joensson";"Naraka";"FALSE"
"868";"persephone.andersson@alomkik.com";"Persephone";"Andersson";"Alomkik";"FALSE"
"872";"aurora.martensson@el-dorado.com";"Aurora";"Martensson";"El Dorado";"FALSE"
"874";"cronus.viklund@city-of-the-caesars.com";"Cronus";"Viklund";"City of the Caesars";"FALSE"
"878";"minerva.mattsson@tir-na-nag.com";"Minerva";"Mattsson";"Tir na nag";"FALSE"
"880";"cronus.samuelsson@amaravati.com";"Cronus";"Samuelsson";"Amaravati";"FALSE"
"881";"pluto.bjoerk@paititi.com";"Pluto";"Bjoerk";"Paititi";"FALSE"
"883";"apollo.henriksson@xanadu.com";"Apollo";"Henriksson";"Xanadu";"FALSE"
"886";"bacchus.nystroem@svartalfaheimr.com";"Bacchus";"Nystroem";"Svartalfaheimr";"FALSE"
"887";"athena.andersson@tartarus.com";"Athena";"Andersson";"Tartarus";"FALSE"
"888";"ares.blomqvist@ayotha-amirtha-gangai.com";"Ares";"Blomqvist";"Ayotha Amirtha Gangai";"FALSE"
"892";"nike.svensson@lyonesse.com";"Nike";"Svensson";"Lyonesse";"FALSE"
"893";"neptune.loefgren@la-ciudad-blanca.com";"Neptune";"Loefgren";"La Ciudad Blanca";"FALSE"
"894";"hera.jansson@garden-of-the-hesperides.com";"Hera";"Jansson";"Garden of the Hesperides";"FALSE"
"895";"uranus.fredriksson@el-dorado.com";"Uranus";"Fredriksson";"El Dorado";"FALSE"
"898";"cupid.eriksson@svarga.com";"Cupid";"Eriksson";"Svarga";"FALSE"
"899";"hercules.lind@suddene.com";"Hercules";"Lind";"Suddene";"FALSE"
"904";"bacchus.magnusson@meropis.com";"Bacchus";"Magnusson";"Meropis";"FALSE"
"906";"juno.berglund@kyoepelinvuori.com";"Juno";"Berglund";"Kyoepelinvuori";"FALSE"
"910";"ares.lindberg@shangdu.com";"Ares";"Lindberg";"Shangdu";"FALSE"
"914";"aphrodite.bjoerklund@ys.com";"Aphrodite";"Bjoerklund";"Ys";"FALSE"
"918";"victoria.mattsson@tartarus.com";"Victoria";"Mattsson";"Tartarus";"FALSE"
"919";"apollo.henriksson@kunlun-mountain.com";"Apollo";"Henriksson";"Kunlun Mountain";"FALSE"
"921";"neptune.olofsson@heaven.com";"Neptune";"Olofsson";"Heaven";"FALSE"
"924";"persephone.svensson@biarmaland.com";"Persephone";"Svensson";"Biarmaland";"FALSE"
"925";"hephaestus.johansson@kingdom-of-saguenay.com";"Hephaestus";"Johansson";"Kingdom of Saguenay";"FALSE"
"930";"juno.hansson@jabulqa.com";"Juno";"Hansson";"Jabulqa";"FALSE"
"932";"uranus.lind@feather-mountain.com";"Uranus";"Lind";"Feather Mountain";"FALSE"
"934";"eos.axelsson@dinas-affaraon.com";"Eos";"Axelsson";"Dinas Affaraon";"FALSE"
"935";"artemis.lindberg@lemuria.com";"Artemis";"Lindberg";"Lemuria";"FALSE"
"936";"bacchus.jonsson@themiscyra.com";"Bacchus";"Jonsson";"Themiscyra";"FALSE"
"937";"uranus.claesson@svartalfaheimr.com";"Uranus";"Claesson";"Svartalfaheimr";"FALSE"
"938";"hermes.karlsson@baltia.com";"Hermes";"Karlsson";"Baltia";"FALSE"
"945";"hera.persson@hawaiki.com";"Hera";"Persson";"Hawaiki";"FALSE"
"946";"victoria.eklund@meropis.com";"Victoria";"Eklund";"Meropis";"FALSE"
"947";"uranus.jansson@olympus.com";"Uranus";"Jansson";"Olympus";"FALSE"
"948";"aurora.larsson@nysa.com";"Aurora";"Larsson";"Nysa";"FALSE"
"949";"hercules.mattsson@cockaigne.com";"Hercules";"Mattsson";"Cockaigne";"FALSE"
"952";"eos.hansson@shambhala.com";"Eos";"Hansson";"Shambhala";"FALSE"
"957";"pluto.jakobsson@garden-of-the-hesperides.com";"Pluto";"Jakobsson";"Garden of the Hesperides";"FALSE"
"959";"somnus.lindgren@hyperborea.com";"Somnus";"Lindgren";"Hyperborea";"FALSE"
"961";"luna.martensson@brittia.com";"Luna";"Martensson";"Brittia";"FALSE"
"964";"helios.nilsson@diyu.com";"Helios";"Nilsson";"Diyu";"FALSE"
"966";"ares.bergstroem@annwn.com";"Ares";"Bergstroem";"Annwn";"FALSE"
"968";"pan.axelsson@lemuria.com";"Pan";"Axelsson";"Lemuria";"FALSE"
"969";"hera.henriksson@ys.com";"Hera";"Henriksson";"Ys";"FALSE"
"970";"nike.persson@valhalla.com";"Nike";"Persson";"Valhalla";"FALSE"
"972";"selene.samuelsson@kyoepelinvuori.com";"Selene";"Samuelsson";"Kyoepelinvuori";"FALSE"
"973";"hephaestus.hansson@lake-parime.com";"Hephaestus";"Hansson";"Lake Parime";"FALSE"
"974";"pluto.lundstroem@sierra-de-la-plata.com";"Pluto";"Lundstroem";"Sierra de la Plata";"FALSE"
"980";"vulcan.bergman@annwn.com";"Vulcan";"Bergman";"Annwn";"FALSE"
"981";"bacchus.larsson@biarmaland.com";"Bacchus";"Larsson";"Biarmaland";"FALSE"
"982";"heracles.loefgren@naraka.com";"Heracles";"Loefgren";"Naraka";"FALSE"
"988";"odysseus.eriksson@laestrygon.com";"Odysseus";"Eriksson";"Laestrygon";"FALSE"
"990";"aurora.lundstroem@jabulqa.com";"Aurora";"Lundstroem";"Jabulqa";"FALSE"
"991";"jupiter.claesson@kolob.com";"Jupiter";"Claesson";"Kolob";"FALSE"
"992";"aurora.bjoerklund@shangri-la.com";"Aurora";"Bjoerklund";"Shangri-La";"FALSE"
"993";"diana.larsson@land-of-manu.com";"Diana";"Larsson";"Land of Manu";"FALSE"
"995";"proserpine.joensson@avalon.com";"Proserpine";"Joensson";"Avalon";"FALSE"
"997";"minerva.bjoerk@jabulqa.com";"Minerva";"Bjoerk";"Jabulqa";"FALSE"